Currency,% Correct
USDAUD,0.579908676
USDCAD,0.538812785
USDCHF,0.547945205
USDEUR,0.506849315
USDGBP,0.506849315
USDJPY,0.5
USDNZD,0.570776256
USDSEK,0.543378995
USDSGD,0.5